BEN_REG,sexe,age,GEN_NUM,CIP13,total_boites
5,1,20,814,3400938014853,115
5,1,20,815,3400939510491,15
5,1,60,814,3400938632040,181
5,1,60,815,3400921867992,7328
5,1,60,815,3400922161648,11144
5,2,20,814,3400922164199,299
5,2,20,815,3400922161709,1364
5,2,60,814,3400921866643,10420
5,2,60,814,3400921867244,2424
5,2,60,814,3400938621914,2045
5,2,60,814,3400939507361,90
5,2,60,815,3400938014914,2103
5,2,60,815,3400938679007,1648
11,1,20,814,3400922164199,6470
11,1,20,815,3400922161709,1098
11,1,20,815,3400922165141,3144
11,1,60,814,3400921866643,25915
11,1,60,814,3400921867244,21874
11,1,60,814,3400938621914,1691
11,1,60,814,3400939507361,16976
11,1,60,815,3400949626298,284
11,2,20,815,3400939511092,2695
11,2,20,815,3400939914169,156
11,2,60,814,3400922162997,17809
11,2,60,814,3400939507941,17355
11,2,60,814,3400939914749,448
11,2,60,815,3400922164489,10424
11,2,60,815,3400927384486,44
11,2,60,815,3400938015164,4692
11,2,60,815,3400938681185,1033
11,2,60,815,3400939279442,104
11,2,60,815,3400939914459,220
24,1,20,814,3400922161587,348
24,1,20,814,3400938014792,157
24,1,20,814,3400939914749,25
24,1,20,815,3400938015164,107
24,1,20,815,3400939279442,31
24,1,60,815,3400921868654,3367
24,1,60,815,3400922165141,1656
24,1,60,815,3400938014914,820
24,1,60,815,3400939511092,2475
24,1,60,815,3400939914169,68
24,2,20,814,3400949625178,166
24,2,20,815,3400922161648,95
24,2,20,815,3400939279961,24
24,2,60,814,3400927384196,24
24,2,60,814,3400927384257,39
24,2,60,814,3400938014853,1740
24,2,60,814,3400939909608,99
24,2,60,815,3400949626298,286
27,1,20,814,3400938632040,624
27,1,20,814,3400949625178,75
27,1,20,815,3400921867992,1074
27,1,60,814,3400939909608,88
27,1,60,815,3400939511092,2250
27,1,60,815,3400939914169,70
27,2,20,814,3400921866643,1921
27,2,20,814,3400938621914,519
27,2,20,814,3400939278551,59
27,2,20,815,3400921868654,728
27,2,20,815,3400938014914,105
27,2,20,815,3400938679007,228
27,2,60,814,3400922161419,1961
27,2,60,814,3400922161587,1399
27,2,60,814,3400938014792,1611
27,2,60,814,3400938014853,1849
27,2,60,814,3400939278902,222
27,2,60,814,3400949625529,178
27,2,60,815,3400939510491,2774
27,2,60,815,3400949625987,498
28,1,20,814,3400922164199,763
28,1,20,814,3400938632040,376
28,1,20,815,3400921867992,1632
28,1,20,815,3400922161709,207
28,1,20,815,3400922165141,455
28,1,60,814,3400921866643,10277
28,1,60,814,3400921867244,8282
28,1,60,814,3400938621914,1638
28,1,60,814,3400939507361,3585
28,1,60,815,3400939511092,2404
28,2,20,815,3400938679007,110
28,2,60,814,3400922161587,1009
28,2,60,814,3400938014792,1935
28,2,60,815,3400938015164,1084
28,2,60,815,3400939279442,15
32,1,20,815,3400921868654,3314
32,1,20,815,3400938014914,237
32,1,20,815,3400939511092,3627
32,1,20,815,3400939914169,38
32,1,60,814,3400922161419,3471
32,1,60,814,3400922162997,2086
32,1,60,814,3400926775575,126
32,1,60,814,3400939278902,42
32,1,60,814,3400939507941,12272
32,1,60,814,3400949625529,82
32,1,60,815,3400922164489,1726
32,1,60,815,3400927384486,26
32,1,60,815,3400938681185,1475
32,1,60,815,3400939510491,8112
32,1,60,815,3400939914459,123
32,1,60,815,3400949625987,120
32,2,20,814,3400927384196,61
32,2,20,814,3400927384257,20
32,2,20,814,3400938014853,597
32,2,20,814,3400939909608,98
32,2,20,814,3400939914749,89
32,2,20,815,3400949626298,40
32,2,60,814,3400922164199,4605
32,2,60,814,3400938632040,2316
32,2,60,815,3400921867992,11015
32,2,60,815,3400922161709,3148
32,2,60,815,3400922165141,2693
32,2,60,815,3400927384318,87
44,1,20,814,3400949625178,335
44,1,20,815,3400939279961,57
44,1,60,814,3400939909608,49
44,1,60,815,3400926775865,171
44,1,60,815,3400938679007,720
44,1,60,815,3400949626298,1038
5,1,20,814,3400922164199,157
5,1,20,815,3400922161648,3315
5,1,20,815,3400922165141,73
5,1,60,814,3400921867244,1616
5,1,60,814,3400939507941,22
5,1,60,815,3400938681185,158
5,2,20,814,3400939507361,20
5,2,60,814,3400922161587,4072
5,2,60,814,3400938632040,251
5,2,60,815,3400921867992,9716
11,1,20,814,3400921866643,9813
11,1,20,814,3400921867244,11734
11,1,20,814,3400927384196,44
11,1,20,814,3400927384257,67
11,1,20,814,3400938621914,634
11,1,20,814,3400939909608,302
11,1,20,815,3400949626298,120
11,1,60,815,3400922161709,2703
11,1,60,815,3400927384318,56
11,1,60,815,3400939279961,70
11,2,20,814,3400922161587,1694
11,2,20,814,3400949625529,101
11,2,20,815,3400938015164,983
11,2,20,815,3400949625987,120
11,2,60,814,3400921866643,33997
11,2,60,814,3400939278551,336
11,2,60,815,3400922161648,3514
11,2,60,815,3400938014914,5608
11,2,60,815,3400939511092,8587
24,1,20,814,3400921866643,1793
24,1,20,814,3400938621914,190
24,1,20,814,3400939278551,163
24,1,20,815,3400922161648,124
24,1,20,815,3400938014914,117
24,1,20,815,3400939511092,701
24,1,60,814,3400922161419,957
24,1,60,814,3400922162997,2896
24,1,60,814,3400927384257,36
24,1,60,814,3400938014792,876
24,1,60,814,3400939278902,441
24,1,60,814,3400939507941,3682
24,1,60,814,3400939914749,28
24,1,60,815,3400922164489,2066
24,1,60,815,3400927384486,19
24,1,60,815,3400938681185,468
24,1,60,815,3400939914459,39
24,2,20,814,3400938014853,261
24,2,20,815,3400939510491,437
24,2,60,814,3400922164199,2811
24,2,60,814,3400938632040,697
24,2,60,814,3400949625178,1000
24,2,60,815,3400921867992,5545
24,2,60,815,3400922165141,1626
27,1,20,814,3400939507361,783
27,1,60,814,3400922161587,1167
27,1,60,814,3400938632040,1917
27,1,60,814,3400949625178,329
27,1,60,815,3400921867992,5850
27,2,20,814,3400922161419,281
27,2,20,814,3400922162997,272
27,2,20,814,3400938014792,169
27,2,20,814,3400939278902,54
27,2,20,814,3400939507941,1027
27,2,20,814,3400939914749,57
27,2,20,815,3400922164489,87
27,2,20,815,3400938681185,278
27,2,20,815,3400939914459,26
27,2,60,815,3400921868654,4587
27,2,60,815,3400938679007,2250
27,2,60,815,3400939914169,56
28,1,20,814,3400921867244,3096
28,1,20,815,3400949626298,23
28,1,60,815,3400922161709,546
28,1,60,815,3400939279961,32
28,2,20,814,3400922161587,267
28,2,20,814,3400949625529,29
28,2,20,815,3400938015164,120
28,2,20,815,3400949625987,26
28,2,60,814,3400921866643,15295
28,2,60,814,3400938621914,2339
28,2,60,814,3400939278551,187
28,2,60,815,3400922161648,1078
28,2,60,815,3400938014914,1464
28,2,60,815,3400939511092,2699
32,1,20,814,3400922161419,1128
32,1,20,814,3400922162997,769
32,1,20,814,3400938014792,319
32,1,20,814,3400939278902,20
32,1,20,814,3400939507941,6025
32,1,20,814,3400939914749,63
32,1,20,815,3400922164489,511
32,1,20,815,3400927384486,16
32,1,20,815,3400938681185,499
32,1,20,815,3400939914459,39
32,1,60,814,3400926775636,41
32,1,60,815,3400921868654,8521
32,1,60,815,3400938679007,1235
32,2,20,814,3400922164199,1857
32,2,20,814,3400938632040,839
32,2,20,814,3400949625178,52
32,2,20,815,3400921867992,1722
32,2,20,815,3400922161648,621
32,2,20,815,3400922165141,812
32,2,60,814,3400921867244,16404
32,2,60,814,3400927384196,126
32,2,60,814,3400927384257,46
32,2,60,814,3400939909608,357
32,2,60,815,3400949626298,107
44,1,20,814,3400939507361,788
44,1,20,815,3400926775865,49
44,1,20,815,3400926775926,46
44,1,60,814,3400922161587,1983
44,1,60,814,3400926775575,324
44,1,60,814,3400938632040,1490
44,1,60,814,3400949625178,1182
44,1,60,815,3400921867992,4904
44,1,60,815,3400939279442,96
44,2,20,814,3400922161419,381
44,2,20,814,3400922162997,438
5,1,20,814,3400921866643,2179
5,1,20,814,3400921867244,819
5,1,20,814,3400922161587,1424
5,1,20,814,3400938621914,397
5,1,20,814,3400938632040,81
5,1,20,815,3400921867992,1833
5,1,20,815,3400938014914,233
5,1,60,814,3400922161419,11561
5,1,60,815,3400939511092,18
5,2,20,815,3400938015164,174
5,2,20,815,3400938679007,595
5,2,20,815,3400939510491,16
5,2,60,814,3400922164199,667
5,2,60,814,3400938014853,850
5,2,60,815,3400922161648,15776
5,2,60,815,3400922165141,331
11,1,0,814,3400921867244,21
11,1,20,814,3400922161419,1288
11,1,20,814,3400939278551,76
11,1,20,814,3400939278902,120
11,1,20,814,3400939914749,192
11,1,20,815,3400939511092,4001
11,1,60,814,3400922162997,13445
11,1,60,814,3400926775636,18
11,1,60,814,3400927384196,225
11,1,60,814,3400938014792,4648
11,1,60,814,3400939507941,14457
11,1,60,815,3400921868654,11910
11,1,60,815,3400922164489,8817
11,1,60,815,3400927384486,56
11,1,60,815,3400938681185,1084
11,1,60,815,3400939914459,224
11,2,20,814,3400922164199,5749
11,2,20,814,3400938014853,1984
11,2,20,814,3400949625178,168
11,2,20,815,3400922161648,862
11,2,20,815,3400922165141,2207
11,2,60,814,3400921867244,25934
11,2,60,814,3400927384257,128
11,2,60,814,3400938621914,2137
11,2,60,814,3400938632040,1287
11,2,60,814,3400939909608,819
11,2,60,815,3400921867992,18734
24,1,20,814,3400922164199,714
24,1,20,814,3400949625178,222
24,1,20,815,3400922165141,477
24,1,20,815,3400949626298,69
24,1,60,814,3400921866643,6459
24,1,60,814,3400921867244,5642
24,1,60,814,3400938621914,832
24,1,60,814,3400939909608,81
24,2,20,814,3400922161587,350
24,2,20,814,3400939507361,987
24,2,60,814,3400939278551,633
24,2,60,814,3400949625529,292
24,2,60,815,3400938015164,898
24,2,60,815,3400939279442,149
24,2,60,815,3400939510491,3487
24,2,60,815,3400939511092,2413
24,2,60,815,3400949625987,984
27,1,20,814,3400949625529,45
27,1,20,815,3400938015164,213
27,1,20,815,3400938679007,327
27,1,20,815,3400939510491,433
27,1,20,815,3400949625987,68
27,1,60,814,3400922164199,1516
27,1,60,814,3400938014853,966
27,1,60,815,3400922161648,867
27,1,60,815,3400922165141,1082
27,2,20,815,3400922161709,153
27,2,20,815,3400949626298,23
27,2,60,814,3400939507361,4419
28,1,20,814,3400921866643,2405
28,1,20,814,3400922162997,252
28,1,20,814,3400938014792,192
28,1,20,814,3400938621914,351
28,1,20,814,3400939507941,1336
28,1,20,815,3400922161648,210
28,1,20,815,3400922164489,250
28,1,20,815,3400938014914,126
28,1,20,815,3400938681185,226
28,1,60,814,3400922161419,912
28,1,60,814,3400939278902,100
28,1,60,815,3400938679007,1083
28,2,20,814,3400938632040,317
28,2,20,815,3400921867992,1036
28,2,20,815,3400939510491,306
28,2,60,814,3400922164199,2671
28,2,60,814,3400949625178,286
28,2,60,815,3400922165141,1604
28,2,60,815,3400949626298,67
32,1,20,814,3400921866643,3263
32,1,20,814,3400921867244,5943
32,1,20,814,3400927384257,21
32,1,20,814,3400938621914,650
32,1,20,814,3400939909608,71
32,1,20,815,3400927384318,28
32,1,60,815,3400922161709,2835
32,1,60,815,3400926775926,45
32,1,60,815,3400939914169,163
32,2,20,814,3400926775575,31
32,2,20,814,3400949625529,45
32,2,20,815,3400938015164,317
32,2,20,815,3400939511092,2720
32,2,20,815,3400949625987,38
32,2,60,814,3400921866643,15016
32,2,60,814,3400922162997,3676
32,2,60,814,3400938014792,3198
32,2,60,814,3400938621914,3659
32,2,60,814,3400939507941,15767
32,2,60,815,3400922161648,4628
32,2,60,815,3400922164489,2366
32,2,60,815,3400927384486,18
32,2,60,815,3400938014914,2558
32,2,60,815,3400938681185,1589
32,2,60,815,3400939914459,114
44,1,20,814,3400922161587,825
44,1,20,814,3400926775636,56
44,1,20,814,3400938014853,523
5,1,20,815,3400921868654,538
5,1,20,815,3400922161709,1074
5,1,60,814,3400938014853,359
5,1,60,815,3400939510491,45
5,2,20,814,3400921866643,3535
5,2,20,814,3400921867244,1264
5,2,20,814,3400938621914,632
5,2,60,814,3400938014792,2010
5,2,60,815,3400922164489,1523
11,1,20,814,3400939507361,6500
11,1,60,814,3400922164199,11637
11,1,60,814,3400938632040,996
11,1,60,814,3400949625178,487
11,1,60,815,3400921867992,17044
11,1,60,815,3400939279442,102
11,2,20,814,3400922161419,1533
11,2,20,814,3400922162997,4931
11,2,20,814,3400938014792,1871
11,2,20,814,3400939278902,106
11,2,20,815,3400922164489,2293
11,2,20,815,3400927384486,17
11,2,20,815,3400938681185,289
11,2,20,815,3400939914459,85
11,2,60,814,3400926775636,15
11,2,60,815,3400921868654,11390
11,2,60,815,3400938679007,1398
11,2,60,815,3400939914169,441
24,1,20,815,3400921868654,1150
24,1,20,815,3400938679007,139
24,1,60,814,3400922161587,1139
24,1,60,814,3400938014853,848
24,1,60,814,3400949625529,283
24,1,60,815,3400938015164,589
24,1,60,815,3400939279442,161
24,1,60,815,3400939510491,3049
24,1,60,815,3400949625987,829
24,2,20,814,3400921867244,2210
24,2,20,814,3400939507941,1324
24,2,20,814,3400939914749,14
24,2,20,815,3400938681185,102
24,2,20,815,3400949626298,69
24,2,60,815,3400922161709,791
24,2,60,815,3400927384318,25
24,2,60,815,3400939279961,71
27,1,20,814,3400921866643,1876
27,1,20,814,3400921867244,2410
27,1,20,814,3400938621914,603
27,1,20,814,3400939909608,48
27,1,20,815,3400939511092,560
27,1,20,815,3400949626298,44
27,1,60,815,3400922164489,995
27,1,60,815,3400939914459,118
27,2,20,814,3400922161587,354
27,2,20,814,3400949625529,29
27,2,20,815,3400938015164,161
27,2,20,815,3400939510491,304
27,2,20,815,3400949625987,40
27,2,60,814,3400939278551,325
27,2,60,815,3400922161648,1003
27,2,60,815,3400922165141,960
27,2,60,815,3400938014914,1178
28,1,20,814,3400938014853,317
28,1,20,814,3400939507361,860
28,1,60,814,3400922164199,2068
28,1,60,814,3400938632040,924
28,1,60,814,3400949625178,154
28,1,60,815,3400921867992,7566
28,2,20,814,3400922161419,415
28,2,20,814,3400922162997,326
28,2,20,814,3400938014792,207
28,2,20,814,3400939278902,36
28,2,20,815,3400922164489,111
28,2,20,815,3400938681185,123
28,2,60,815,3400921868654,5437
28,2,60,815,3400938679007,1467
32,1,20,814,3400922161587,1872
32,1,20,814,3400926775575,26
32,1,20,814,3400938014853,521
32,1,20,814,3400949625529,51
32,1,20,815,3400938015164,417
32,1,20,815,3400939510491,2202
32,1,20,815,3400949625987,42
32,1,60,814,3400939278551,38
32,1,60,815,3400922161648,2751
32,1,60,815,3400922165141,2549
32,1,60,815,3400938014914,1229
32,2,20,814,3400926775636,19
32,2,20,815,3400922161709,822
32,2,60,814,3400939507361,16812
32,2,60,815,3400926775926,46
44,1,20,814,3400921866643,1943
44,1,20,814,3400921867244,3607
44,1,20,814,3400938621914,245
44,1,20,815,3400949626298,290
44,1,60,815,3400922164489,1129
44,1,60,815,3400939279961,140
44,1,60,815,3400939914459,28
44,2,20,814,3400922161587,822
44,2,20,814,3400926775575,51
44,2,20,814,3400949625529,325
44,2,20,815,3400938015164,244
44,2,20,815,3400939279442,19
44,2,20,815,3400939510491,377
44,2,20,815,3400949625987,306
44,2,60,814,3400939278551,730
44,2,60,815,3400922161648,1625
44,2,60,815,3400922165141,1528
44,2,60,815,3400938014914,2127
44,2,60,815,3400939511092,2701
52,1,20,815,3400922161709,121
52,1,20,815,3400939279961,15
52,1,60,814,3400939507361,4683
52,1,60,815,3400938679007,649
52,2,20,814,3400921866643,1182
52,2,20,814,3400938621914,227
52,2,20,814,3400939278551,59
52,2,20,815,3400922161648,53
52,2,20,815,3400938014914,94
52,2,20,815,3400939511092,1073
5,1,20,814,3400938014792,226
5,1,20,815,3400922164489,272
5,1,60,815,3400938015164,316
5,1,60,815,3400938679007,1242
5,2,20,814,3400922161419,5572
5,2,60,814,3400922162997,1869
5,2,60,814,3400939507941,44
5,2,60,815,3400921868654,1704
5,2,60,815,3400922161709,2940
5,2,60,815,3400938681185,206
11,1,20,814,3400949625529,97
11,1,20,815,3400938015164,1002
11,1,20,815,3400938679007,342
11,1,20,815,3400939279442,28
11,1,20,815,3400939510491,3546
11,1,20,815,3400939914169,113
11,1,20,815,3400949625987,202
11,1,60,814,3400922161587,3807
11,1,60,814,3400938014853,4205
11,1,60,815,3400922161648,3274
11,1,60,815,3400922165141,7031
11,1,60,815,3400938014914,2983
11,2,20,814,3400926775636,13
11,2,20,814,3400927384196,44
11,2,20,814,3400939507941,7125
11,2,20,815,3400922161709,749
11,2,20,815,3400939279961,15
11,2,20,815,3400949626298,64
11,2,60,814,3400939507361,22883
11,2,60,815,3400926775865,54
11,2,60,815,3400927384318,84
24,1,20,814,3400938014853,202
24,1,20,815,3400922161709,241
24,1,20,815,3400939279961,20
24,1,60,814,3400938632040,521
24,1,60,814,3400939507361,4303
24,1,60,815,3400921867992,4713
24,2,20,814,3400921866643,1633
24,2,20,814,3400922162997,776
24,2,20,814,3400938014792,296
24,2,20,814,3400938621914,239
24,2,20,814,3400939909608,27
24,2,20,815,3400922164489,244
24,2,20,815,3400938014914,63
24,2,60,814,3400922161419,1510
24,2,60,814,3400939278902,509
24,2,60,814,3400939914749,39
24,2,60,815,3400938679007,692
24,2,60,815,3400939914169,107
27,1,20,814,3400922161419,360
27,1,20,814,3400939278551,51
27,1,20,814,3400939278902,58
27,1,20,814,3400939914749,66
27,1,60,814,3400922162997,1380
27,1,60,814,3400938014792,723
27,1,60,814,3400939507941,2939
27,1,60,815,3400921868654,4459
27,1,60,815,3400922161709,755
27,1,60,815,3400938681185,1556
27,1,60,815,3400939279961,26
27,1,60,815,3400949626298,144
27,2,20,814,3400922164199,514
27,2,20,814,3400938014853,257
27,2,20,814,3400949625178,75
27,2,20,815,3400922165141,157
27,2,60,814,3400921866643,11060
27,2,60,814,3400921867244,8303
27,2,60,814,3400938621914,3863
27,2,60,814,3400938632040,2387
27,2,60,814,3400939909608,226
27,2,60,815,3400921867992,6659
28,1,20,814,3400922161587,289
28,1,20,815,3400921868654,1667
28,1,60,814,3400939278551,105
28,1,60,814,3400949625529,98
28,1,60,815,3400938015164,727
28,1,60,815,3400939279442,11
28,1,60,815,3400939510491,2652
28,1,60,815,3400949625987,197
28,2,20,814,3400921867244,3094
28,2,60,814,3400938014853,1955
28,2,60,815,3400922161709,564
28,2,60,815,3400926775926,18
28,2,60,815,3400939279961,19
32,1,20,814,3400938632040,872
32,1,20,814,3400939507361,3560
32,1,20,815,3400921867992,2018
32,1,20,815,3400926775865,30
32,1,60,814,3400922164199,3331
32,1,60,814,3400949625178,122
32,1,60,815,3400939511092,8972
32,1,60,815,3400949626298,86
32,2,20,814,3400922161419,1187
32,2,20,814,3400939278902,20
32,2,20,815,3400938679007,260
32,2,20,815,3400939914169,25
32,2,60,814,3400922161587,4842
32,2,60,814,3400926775636,67
32,2,60,814,3400938014853,3476
32,2,60,815,3400921868654,9410
32,2,60,815,3400926775865,112
44,1,20,814,3400922162997,370
44,1,20,814,3400938014792,267
44,1,20,814,3400939507941,1618
44,1,20,815,3400922161648,256
44,1,20,815,3400922164489,192
44,1,20,815,3400922165141,502
44,1,20,815,3400938014914,182
44,1,20,815,3400938681185,414
44,1,20,815,3400939914459,21
44,1,60,814,3400922161419,1262
44,1,60,814,3400939278902,814
44,1,60,814,3400939914749,61
44,2,20,814,3400938632040,555
44,2,20,814,3400939507361,744
44,2,20,815,3400921867992,770
44,2,60,814,3400922164199,2715
44,2,60,814,3400949625178,1639
44,2,60,815,3400949626298,1038
5,1,20,814,3400922162997,355
5,1,20,814,3400939507941,14
5,1,20,815,3400938015164,109
5,1,20,815,3400938681185,56
5,1,60,814,3400922164199,449
5,1,60,815,3400921868654,1191
5,1,60,815,3400922161709,2344
5,1,60,815,3400922165141,208
5,2,20,814,3400938632040,178
5,2,20,815,3400921867992,2254
5,2,60,815,3400939511092,37
11,1,20,814,3400938632040,616
11,1,20,814,3400949625178,220
11,1,20,815,3400921867992,5798
11,1,20,815,3400939279961,24
11,1,60,814,3400939909608,680
11,1,60,815,3400926775865,12
11,1,60,815,3400926775926,21
11,1,60,815,3400939511092,9448
11,1,60,815,3400939914169,348
11,2,20,814,3400921866643,9316
11,2,20,814,3400938621914,683
11,2,20,814,3400939278551,87
11,2,20,815,3400921868654,3866
11,2,20,815,3400938014914,835
11,2,20,815,3400938679007,325
11,2,60,814,3400922161419,5887
11,2,60,814,3400922161587,4911
11,2,60,814,3400926775575,24
11,2,60,814,3400938014792,10616
11,2,60,814,3400938014853,9018
11,2,60,814,3400939278902,349
11,2,60,814,3400949625529,240
11,2,60,815,3400939510491,12783
11,2,60,815,3400949625987,559
24,1,20,814,3400922161419,168
24,1,20,814,3400922162997,643
24,1,20,814,3400939278902,138
24,1,20,814,3400939507941,1312
24,1,20,814,3400949625529,80
24,1,20,815,3400922164489,293
24,1,20,815,3400927384486,14
24,1,20,815,3400938681185,150
24,1,20,815,3400939510491,585
24,1,20,815,3400949625987,145
24,1,60,814,3400939278551,647
24,1,60,815,3400922161648,878
24,1,60,815,3400938679007,643
24,2,20,814,3400922164199,796
24,2,20,814,3400938632040,232
24,2,20,815,3400921867992,850
24,2,20,815,3400921868654,844
24,2,20,815,3400922161709,143
24,2,20,815,3400922165141,363
24,2,60,814,3400921867244,6859
24,2,60,814,3400939507361,5951
24,2,60,814,3400939507941,4504
27,1,20,814,3400922164199,508
27,1,20,815,3400922161709,211
27,1,60,814,3400921866643,7496
27,1,60,814,3400921867244,6840
27,1,60,814,3400938621914,2770
27,1,60,814,3400939507361,3062
27,1,60,815,3400938014914,532
27,1,60,815,3400938679007,1848
27,2,20,815,3400922161648,164
27,2,20,815,3400939511092,380
27,2,60,814,3400922162997,1939
27,2,60,814,3400927384257,19
27,2,60,814,3400939507941,4005
27,2,60,814,3400939914749,237
27,2,60,815,3400922164489,1127
27,2,60,815,3400938015164,1101
27,2,60,815,3400938681185,1411
27,2,60,815,3400939279442,21
27,2,60,815,3400939914459,132
28,1,20,814,3400949625178,38
28,1,60,815,3400949626298,82
28,2,20,814,3400921866643,2528
28,2,20,814,3400938621914,378
28,2,20,814,3400939507361,893
28,2,20,815,3400921868654,1018
28,2,20,815,3400938014914,80
28,2,20,815,3400939511092,502
28,2,60,814,3400922161419,1464
28,2,60,814,3400922162997,1902
28,2,60,814,3400939278902,155
28,2,60,814,3400939507941,4433
28,2,60,814,3400949625529,120
28,2,60,815,3400922164489,1076
28,2,60,815,3400938681185,782
28,2,60,815,3400939510491,3102
28,2,60,815,3400949625987,285
32,1,20,814,3400926775636,21
32,1,20,815,3400922161648,782
32,1,20,815,3400938679007,399
32,1,60,814,3400922161587,3306
32,1,60,814,3400927384196,83
32,1,60,814,3400927384257,21
32,1,60,814,3400938014792,1205
32,1,60,814,3400938014853,1583
32,1,60,814,3400939914749,107
32,1,60,815,3400938015164,1268
32,2,20,814,3400921867244,6297
32,2,20,814,3400939507941,6256
32,2,20,815,3400939510491,2117
32,2,60,814,3400949625178,268
32,2,60,815,3400939279961,14
44,1,20,814,3400922164199,910
44,1,20,814,3400938632040,589
44,1,20,815,3400921867992,1221
44,1,20,815,3400922161709,515
44,1,60,814,3400921866643,7289
44,1,60,814,3400921867244,8894
44,1,60,814,3400938621914,1201
44,1,60,814,3400939507361,2725
44,1,60,815,3400939511092,2561
44,1,60,815,3400939914169,56
44,2,20,814,3400926775636,73
5,1,60,814,3400921866643,6660
5,1,60,814,3400922162997,1098
5,1,60,814,3400938621914,1301
5,1,60,814,3400939507361,45
5,1,60,815,3400922164489,1018
5,1,60,815,3400938014914,970
5,2,20,814,3400922161587,2526
5,2,20,814,3400938014792,432
5,2,20,814,3400938014853,241
5,2,20,815,3400922161648,4563
5,2,60,815,3400938015164,708
11,1,20,814,3400922161587,1835
11,1,20,814,3400926775636,13
11,1,20,814,3400938014792,1376
11,1,20,814,3400938014853,1715
11,1,20,815,3400922161648,1014
11,1,60,814,3400927384257,99
11,1,60,814,3400939914749,371
11,1,60,815,3400938015164,2763
11,2,20,814,3400921867244,11036
11,2,20,814,3400939507361,5620
11,2,20,815,3400939510491,2611
11,2,60,814,3400922165660,58
11,2,60,814,3400927384196,246
11,2,60,814,3400949625178,666
11,2,60,815,3400939279961,53
11,2,60,815,3400949626298,238
24,1,20,814,3400921867244,2239
24,1,20,814,3400939507361,1113
24,1,60,814,3400927384196,24
24,1,60,814,3400949625178,944
24,1,60,815,3400939279961,66
24,1,60,815,3400949626298,348
24,2,20,815,3400938015164,95
24,2,20,815,3400939279442,19
24,2,20,815,3400939511092,531
24,2,60,814,3400921866643,8990
24,2,60,814,3400922162997,4018
24,2,60,814,3400938621914,1045
24,2,60,815,3400921868654,3448
24,2,60,815,3400922164489,2152
24,2,60,815,3400927384486,19
24,2,60,815,3400938014914,1160
24,2,60,815,3400938681185,415
24,2,60,815,3400939914459,26
27,1,20,814,3400922162997,307
27,1,20,814,3400939507941,1073
27,1,20,815,3400921868654,1152
27,1,20,815,3400922164489,185
27,1,20,815,3400922165141,270
27,1,20,815,3400938014914,88
27,1,20,815,3400938681185,410
27,1,20,815,3400939914459,17
27,1,60,814,3400922161419,1392
27,1,60,814,3400939278551,230
27,1,60,814,3400939278902,157
27,1,60,814,3400949625529,112
27,1,60,815,3400939510491,2207
27,1,60,815,3400949625987,364
27,2,20,814,3400938632040,561
27,2,20,814,3400939909608,31
27,2,20,815,3400921867992,662
27,2,60,814,3400922164199,1842
27,2,60,815,3400922161709,899
27,2,60,815,3400939511092,2092
28,1,20,814,3400922161419,298
28,1,20,814,3400939278902,36
28,1,20,814,3400949625529,27
28,1,20,815,3400938679007,162
28,1,20,815,3400939510491,648
28,1,20,815,3400949625987,23
28,1,60,814,3400922161587,675
28,1,60,814,3400938014792,852
28,1,60,814,3400938014853,946
28,1,60,815,3400922161648,1016
28,2,20,814,3400922164199,751
28,2,20,814,3400939507941,1313
28,2,20,815,3400922161709,113
28,2,20,815,3400922165141,319
28,2,60,814,3400921867244,10930
28,2,60,814,3400939507361,5377
32,1,20,814,3400927384196,37
32,1,20,814,3400949625178,48
32,1,20,815,3400949626298,74
32,1,60,814,3400938632040,1775
32,1,60,814,3400939909608,325
32,1,60,815,3400921867992,7782
32,1,60,815,3400926775865,118
32,1,60,815,3400927384318,45
32,2,20,814,3400921866643,3472
32,2,20,814,3400922162997,830
32,2,20,814,3400938621914,802
32,2,20,814,3400939507361,3877
32,2,20,815,3400921868654,2402
32,2,20,815,3400922164489,405
32,2,20,815,3400927384486,12
32,2,20,815,3400938014914,340
32,2,20,815,3400938681185,439
32,2,20,815,3400939914459,28
32,2,60,814,3400922161419,6165
32,2,60,814,3400926775575,153
32,2,60,814,3400939278551,76
32,2,60,814,3400939278902,39
32,2,60,814,3400949625529,105
32,2,60,815,3400938679007,2173
32,2,60,815,3400939510491,11778
32,2,60,815,3400949625987,177
44,1,20,814,3400939914749,42
44,1,20,815,3400938015164,293
44,1,20,815,3400939279442,25
44,1,20,815,3400939511092,937
44,1,60,814,3400922162997,1556
44,1,60,814,3400922164199,2625
44,1,60,814,3400939507941,3585
44,1,60,815,3400921868654,5270
44,1,60,815,3400922161709,1489
44,1,60,815,3400922165141,1668
44,1,60,815,3400926775926,145
44,1,60,815,3400938014914,995
5,1,20,814,3400922161419,3858
5,1,20,815,3400938679007,413
5,1,60,814,3400922161587,2679
5,1,60,814,3400938014792,816
5,2,20,814,3400922162997,625
5,2,20,814,3400939507941,16
5,2,20,815,3400921868654,625
5,2,20,815,3400922164489,417
5,2,20,815,3400922165141,117
5,2,20,815,3400938014914,329
5,2,20,815,3400938681185,138
5,2,60,814,3400922161419,16687
5,2,60,815,3400939510491,66
11,1,20,814,3400922162997,5464
11,1,20,814,3400939507941,7785
11,1,20,815,3400921868654,5090
11,1,20,815,3400922164489,3087
11,1,20,815,3400927384486,18
11,1,20,815,3400938014914,773
11,1,20,815,3400938681185,310
11,1,20,815,3400939914459,121
11,1,60,814,3400922161419,4461
11,1,60,814,3400926775575,29
11,1,60,814,3400939278551,208
11,1,60,814,3400939278902,265
11,1,60,814,3400949625529,223
11,1,60,815,3400938679007,1267
11,1,60,815,3400939510491,11299
11,1,60,815,3400949625987,473
11,2,20,814,3400927384257,27
11,2,20,814,3400938632040,567
11,2,20,814,3400939909608,380
11,2,20,814,3400939914749,222
11,2,20,815,3400921867992,4579
11,2,60,814,3400922164199,14254
11,2,60,815,3400922161709,2521
11,2,60,815,3400922165141,6800
11,2,60,815,3400926775926,17
24,1,20,814,3400938632040,225
24,1,20,814,3400939909608,27
24,1,20,815,3400921867992,1159
24,1,60,814,3400922164199,2184
24,1,60,815,3400922161709,859
24,2,20,814,3400922161419,187
24,2,20,814,3400939278551,123
24,2,20,814,3400939278902,144
24,2,20,814,3400949625529,59
24,2,20,815,3400938679007,56
24,2,20,815,3400949625987,116
24,2,60,814,3400922161587,1417
24,2,60,814,3400938014792,2029
24,2,60,815,3400922161648,922
27,1,20,814,3400922161587,417
27,1,20,814,3400938014792,185
27,1,20,814,3400938014853,223
27,1,20,815,3400922161648,203
27,1,60,814,3400927384257,18
27,1,60,814,3400939914749,182
27,1,60,815,3400938015164,617
27,2,20,814,3400921867244,2208
27,2,20,814,3400939507361,867
27,2,60,814,3400949625178,486
27,2,60,815,3400939279961,17
27,2,60,815,3400949626298,108
28,1,20,815,3400938015164,113
28,1,20,815,3400939511092,741
28,1,60,814,3400922162997,985
28,1,60,814,3400939507941,3562
28,1,60,815,3400921868654,5280
28,1,60,815,3400922164489,654
28,1,60,815,3400922165141,1414
28,1,60,815,3400938014914,702
28,1,60,815,3400938681185,686
28,2,20,814,3400938014853,337
28,2,20,814,3400949625178,42
28,2,20,815,3400922161648,112
28,2,60,814,3400938632040,1207
28,2,60,815,3400921867992,9128
32,1,20,814,3400922164199,1723
32,1,20,815,3400922161709,1116
32,1,20,815,3400922165141,1090
32,1,20,815,3400926775926,19
32,1,60,814,3400921866643,9170
32,1,60,814,3400921867244,11971
32,1,60,814,3400938621914,2052
32,1,60,814,3400939507361,10357
32,2,20,814,3400922161587,1840
32,2,20,814,3400938014792,454
32,2,20,815,3400926775865,24
32,2,60,814,3400939914749,162
32,2,60,815,3400938015164,2084
32,2,60,815,3400939279442,28
32,2,60,815,3400939511092,10264
32,2,60,815,3400939914169,195
44,1,20,814,3400922161419,358
44,1,20,814,3400926775575,23
44,1,20,814,3400939278551,127
44,1,20,814,3400939278902,378
44,1,20,814,3400949625529,418
44,1,20,815,3400938679007,200
44,1,20,815,3400939510491,501
44,1,20,815,3400949625987,317
44,1,60,814,3400926775636,139
44,1,60,814,3400938014792,1186
44,1,60,814,3400938014853,1814
44,1,60,815,3400922161648,1146
44,2,20,814,3400922164199,913
44,2,20,814,3400939507941,1294
44,2,20,815,3400922161709,354
44,2,20,815,3400922165141,335
44,2,20,815,3400926775926,43
44,2,60,814,3400921866643,10213
44,2,60,814,3400921867244,10453
44,2,60,814,3400938621914,1655
44,2,60,814,3400939507361,4324
52,1,20,814,3400922161587,203
52,1,20,814,3400938014792,51
52,1,20,814,3400938014853,184
52,1,20,815,3400922161648,75
44,2,20,814,3400921866643,1928
44,2,20,814,3400938621914,287
44,2,20,815,3400921868654,1238
44,2,20,815,3400938014914,159
44,2,20,815,3400939511092,611
44,2,60,814,3400922161419,2234
44,2,60,814,3400922162997,2327
44,2,60,814,3400926775575,697
44,2,60,814,3400939278902,1071
44,2,60,814,3400939507941,4260
44,2,60,814,3400949625529,1114
44,2,60,815,3400922164489,1591
44,2,60,815,3400938681185,1078
44,2,60,815,3400939510491,3068
44,2,60,815,3400939914459,37
44,2,60,815,3400949625987,1770
52,1,20,815,3400949626298,67
52,1,60,814,3400922161587,585
52,1,60,814,3400938014792,601
52,1,60,814,3400938632040,1438
52,1,60,815,3400921867992,3355
52,2,20,814,3400922161419,92
52,2,20,814,3400922162997,226
52,2,20,814,3400939278902,81
52,2,20,814,3400939507941,2995
52,2,20,814,3400949625529,74
52,2,20,815,3400922164489,74
52,2,20,815,3400938681185,221
52,2,20,815,3400939510491,497
52,2,20,815,3400949625987,39
52,2,60,814,3400926775636,49
52,2,60,814,3400939278551,341
52,2,60,815,3400922161648,503
52,2,60,815,3400938679007,972
53,1,20,814,3400927384257,42
53,1,60,814,3400922164199,2345
53,1,60,815,3400922161709,946
53,2,20,814,3400922161419,352
53,2,20,814,3400922161587,440
53,2,20,814,3400938014792,207
53,2,20,814,3400939278902,23
53,2,20,814,3400949625529,22
53,2,60,814,3400926775636,13
53,2,60,815,3400922161648,1835
53,2,60,815,3400926775865,24
53,2,60,815,3400939511092,2543
75,1,20,814,3400922162997,853
75,1,20,815,3400922164489,531
75,1,20,815,3400938015164,319
75,1,20,815,3400938681185,312
75,1,20,815,3400939279442,24
75,1,20,815,3400939914459,49
75,1,60,814,3400921866643,16233
75,1,60,814,3400938621914,2018
75,1,60,814,3400939278551,246
75,1,60,815,3400921868654,9075
75,1,60,815,3400938014914,1697
75,1,60,815,3400938679007,1385
75,2,20,814,3400926775636,16
75,2,20,815,3400922161648,348
75,2,20,815,3400939279961,29
75,2,60,814,3400927384257,53
75,2,60,814,3400939507941,11433
75,2,60,814,3400939914749,444
75,2,60,815,3400926775926,47
75,2,60,815,3400927384486,31
75,2,60,815,3400938681185,1119
76,1,20,814,3400922161419,344
76,1,20,814,3400926775575,22
76,1,20,814,3400939278902,92
76,1,20,814,3400949625178,50
76,1,20,815,3400922164489,458
76,1,20,815,3400939914459,15
76,1,60,814,3400939278551,117
76,1,60,814,3400939909608,462
76,1,60,815,3400926775865,42
76,1,60,815,3400938679007,2118
76,2,20,815,3400921868654,1127
76,2,20,815,3400922165141,366
76,2,20,815,3400938014914,196
76,2,60,814,3400922161419,2404
76,2,60,814,3400922162997,5332
76,2,60,814,3400939507941,5859
76,2,60,814,3400949625529,255
76,2,60,815,3400926775926,47
76,2,60,815,3400927384486,11
76,2,60,815,3400938681185,2146
76,2,60,815,3400939510491,5148
76,2,60,815,3400949625987,468
84,1,20,814,3400939278551,54
84,1,20,814,3400939909608,269
84,1,20,815,3400938679007,428
84,1,60,814,3400922161587,1619
84,1,60,814,3400938014792,2362
84,1,60,815,3400938015164,1647
84,1,60,815,3400939279442,75
84,2,20,814,3400922161419,472
84,2,20,814,3400922162997,1358
84,2,20,814,3400939278902,76
84,2,20,814,3400939507941,1817
84,2,20,814,3400949625529,105
84,2,20,815,3400938681185,224
84,2,20,815,3400939510491,886
84,2,20,815,3400949625987,85
84,2,60,814,3400926775636,99
84,2,60,814,3400939278551,289
84,2,60,815,3400922161648,2215
84,2,60,815,3400939279961,92
93,1,20,815,3400922164489,736
93,1,20,815,3400939914459,16
93,1,60,814,3400921866643,22774
93,1,60,814,3400921867244,10026
93,1,60,814,3400938621914,4128
93,1,60,814,3400939278551,138
93,1,60,814,3400939507361,13230
93,1,60,815,3400938014914,3028
93,1,60,815,3400938679007,2719
93,2,20,814,3400926775636,13
93,2,20,815,3400922161648,277
44,1,20,815,3400921868654,1839
44,1,60,814,3400939278551,591
44,1,60,814,3400949625529,887
44,1,60,815,3400938015164,1116
44,1,60,815,3400939510491,2110
44,1,60,815,3400949625987,1397
44,2,20,814,3400921867244,3363
44,2,60,815,3400922161709,1468
44,2,60,815,3400926775926,110
44,2,60,815,3400939279961,149
52,1,20,814,3400939278551,37
52,1,20,814,3400949625529,78
52,1,20,815,3400938015164,157
52,1,20,815,3400939510491,659
52,1,20,815,3400949625987,55
52,1,60,814,3400922162997,1173
52,1,60,814,3400922164199,3021
52,1,60,814,3400927384196,67
52,1,60,814,3400939507941,9132
52,1,60,815,3400922161648,350
52,1,60,815,3400922165141,1837
52,1,60,815,3400927384486,30
52,1,60,815,3400938681185,1132
52,1,60,815,3400949626298,200
52,2,20,815,3400922161709,73
52,2,60,814,3400938632040,1840
52,2,60,814,3400939507361,6682
52,2,60,815,3400921867992,4017
53,1,20,814,3400922162997,795
53,1,20,814,3400938014792,126
53,1,20,814,3400939507941,1301
53,1,20,815,3400921868654,1611
53,1,20,815,3400922164489,368
53,1,20,815,3400938681185,245
53,1,60,814,3400949625529,85
53,1,60,815,3400938015164,648
53,1,60,815,3400938679007,1405
53,1,60,815,3400939279442,25
53,1,60,815,3400939510491,4431
53,1,60,815,3400949625987,244
53,2,20,814,3400921867244,3196
53,2,20,814,3400927384257,38
53,2,20,814,3400938632040,404
53,2,20,815,3400921867992,904
53,2,60,814,3400927384196,377
53,2,60,815,3400922161709,908
53,2,60,815,3400949626298,48
75,1,20,814,3400921867244,5041
75,1,20,814,3400938632040,438
75,1,20,814,3400939914749,123
75,1,20,815,3400921867992,2019
75,1,60,814,3400927384196,258
75,1,60,815,3400922161709,2582
75,1,60,815,3400939279961,115
75,1,60,815,3400949626298,358
75,2,20,814,3400949625178,104
75,2,20,815,3400938679007,186
75,2,20,815,3400939914169,73
75,2,60,814,3400921866643,24495
75,2,60,814,3400922161587,3708
75,2,60,814,3400938621914,2962
75,2,60,814,3400939909608,802
75,2,60,815,3400938014914,3098
76,1,20,814,3400926775636,29
76,1,20,814,3400938014853,523
76,1,20,815,3400921868654,2026
76,1,20,815,3400922161709,281
76,1,20,815,3400939279961,13
76,1,60,814,3400938632040,3464
76,1,60,815,3400921867992,12482
76,1,60,815,3400939510491,4355
76,2,20,814,3400921866643,3548
76,2,20,814,3400921867244,3647
76,2,20,814,3400938621914,738
76,2,20,814,3400939909608,67
76,2,60,814,3400939278902,285
76,2,60,815,3400938679007,2192
76,2,60,815,3400939914169,231
84,1,20,814,3400938632040,742
84,1,20,815,3400921867992,5082
84,1,20,815,3400938015164,481
84,1,20,815,3400939510491,1450
84,1,60,814,3400922164199,4001
84,1,60,814,3400927384196,98
84,1,60,814,3400939507941,4979
84,1,60,814,3400949625178,545
84,1,60,815,3400922161648,2234
84,1,60,815,3400922165141,2925
84,1,60,815,3400949626298,287
84,2,20,815,3400922161709,235
84,2,20,815,3400938679007,246
84,2,20,815,3400939279961,25
84,2,20,815,3400939914169,157
84,2,60,814,3400922161587,1874
84,2,60,814,3400939507361,11889
84,2,60,815,3400926775865,82
93,1,20,814,3400949625529,28
93,1,20,815,3400927384318,28
93,1,20,815,3400938015164,306
93,1,20,815,3400939510491,1417
93,1,20,815,3400949625987,25
93,1,60,814,3400922164199,2065
93,1,60,814,3400938014853,1960
93,1,60,815,3400922161648,1731
93,1,60,815,3400922165141,1261
93,1,60,815,3400926775926,27
93,2,20,815,3400922161709,94
93,2,20,815,3400939511092,452
93,2,60,814,3400939507361,15762
93,2,60,815,3400922164489,3770
93,2,60,815,3400926775865,75
93,2,60,815,3400927384318,169
93,2,60,815,3400939914459,88
93,2,99,814,3400921867244,24
93,2,99,815,3400921867992,37
99,1,20,814,3400922164199,18
99,1,20,815,3400926775926,42
99,1,60,814,3400921866643,142
99,1,60,814,3400921867244,145
44,2,20,814,3400938014792,402
44,2,20,814,3400939278902,380
44,2,20,814,3400939914749,25
44,2,20,815,3400922164489,163
44,2,20,815,3400938681185,274
44,2,60,814,3400926775636,198
44,2,60,815,3400921868654,5291
44,2,60,815,3400938679007,841
44,2,60,815,3400939914169,100
52,1,20,814,3400922164199,886
52,1,20,814,3400938632040,534
52,1,20,814,3400949625178,94
52,1,20,815,3400921867992,688
52,1,60,814,3400921866643,4648
52,1,60,814,3400921867244,8545
52,1,60,814,3400938621914,970
52,1,60,815,3400938014914,395
52,1,60,815,3400939511092,5984
52,2,20,814,3400926775636,13
52,2,20,815,3400921868654,959
52,2,20,815,3400938679007,101
52,2,60,814,3400922161587,629
52,2,60,814,3400926775575,29
52,2,60,814,3400938014853,2075
52,2,60,814,3400949625529,270
52,2,60,815,3400938015164,1116
52,2,60,815,3400939510491,4217
52,2,60,815,3400949625987,548
53,1,20,815,3400922161709,227
53,1,20,815,3400927384318,52
53,1,60,814,3400939507361,6669
53,1,60,815,3400926775926,16
53,2,20,814,3400921866643,2464
53,2,20,814,3400938621914,377
53,2,20,814,3400939278551,26
53,2,20,815,3400938014914,91
53,2,20,815,3400939511092,422
53,2,60,814,3400922161419,3080
53,2,60,814,3400922162997,5140
53,2,60,814,3400938014792,2259
53,2,60,814,3400939278902,72
53,2,60,814,3400939507941,4745
53,2,60,815,3400922164489,3137
53,2,60,815,3400927384486,47
53,2,60,815,3400938681185,1033
75,1,20,814,3400921866643,3542
75,1,20,814,3400938621914,376
75,1,20,814,3400939278551,46
75,1,20,814,3400939909608,118
75,1,20,815,3400938014914,213
75,1,20,815,3400939511092,1777
75,1,60,814,3400922161419,3756
75,1,60,814,3400922162997,3929
75,1,60,814,3400938014792,2218
75,1,60,814,3400939278902,394
75,1,60,814,3400939507941,9043
75,1,60,814,3400939914749,330
75,1,60,815,3400922164489,3036
75,1,60,815,3400927384486,29
75,1,60,815,3400938681185,1129
75,1,60,815,3400939914459,175
75,2,20,814,3400938014853,577
75,2,20,814,3400949625529,102
75,2,20,815,3400938015164,224
75,2,20,815,3400939510491,835
75,2,20,815,3400949625987,100
75,2,60,814,3400922164199,4213
75,2,60,814,3400938632040,1920
75,2,60,814,3400949625178,714
75,2,60,815,3400921867992,14142
75,2,60,815,3400922161648,3450
75,2,60,815,3400922165141,2498
76,1,20,814,3400939507361,1449
76,1,20,815,3400938679007,404
76,1,20,815,3400939914169,44
76,1,60,814,3400922161587,1783
76,1,60,814,3400926775575,151
76,1,60,814,3400949625529,202
76,1,60,815,3400938015164,1144
76,1,60,815,3400939279442,44
76,1,60,815,3400949625987,411
76,2,20,814,3400922161419,356
76,2,20,814,3400922162997,644
76,2,20,814,3400938014792,494
76,2,20,814,3400939278902,59
76,2,20,814,3400939507941,1432
76,2,20,814,3400939914749,29
76,2,20,815,3400922164489,301
76,2,20,815,3400938681185,398
76,2,20,815,3400939914459,19
76,2,60,814,3400926775636,77
76,2,60,815,3400921868654,7204
76,2,60,815,3400922161709,1071
76,2,60,815,3400939279961,68
76,2,99,814,3400921866643,45
84,1,20,814,3400922161587,580
84,1,20,814,3400926775575,12
84,1,20,814,3400949625178,225
84,1,20,814,3400949625529,92
84,1,20,815,3400939279442,27
84,1,20,815,3400949625987,178
84,1,60,814,3400921866643,32038
84,1,60,814,3400938621914,2921
84,1,60,814,3400939278551,215
84,1,60,815,3400938014914,2274
84,1,60,815,3400939511092,3385
84,2,20,814,3400926775636,18
84,2,20,815,3400921868654,2288
84,2,60,814,3400938014853,4601
84,2,60,814,3400949625529,295
84,2,60,815,3400926775926,55
84,2,60,815,3400938015164,2387
84,2,60,815,3400939510491,6800
93,1,20,814,3400939507361,2374
93,1,20,815,3400938679007,512
93,1,20,815,3400939914169,37
93,1,60,814,3400922161587,1015
93,1,60,814,3400926775575,110
93,1,60,814,3400949625178,311
52,2,60,814,3400922161419,517
52,2,60,814,3400922162997,1895
52,2,60,814,3400927384196,62
52,2,60,814,3400927384257,58
52,2,60,814,3400938014792,1193
52,2,60,814,3400939278902,274
52,2,60,814,3400939507941,11127
52,2,60,815,3400922164489,963
52,2,60,815,3400927384486,29
52,2,60,815,3400938681185,1135
53,1,20,814,3400922164199,732
53,1,20,814,3400938632040,378
53,1,20,814,3400949625178,34
53,1,20,815,3400921867992,1504
53,1,20,815,3400922165141,450
53,1,60,814,3400921866643,11669
53,1,60,814,3400921867244,10015
53,1,60,814,3400938621914,1942
53,1,60,815,3400939511092,2727
53,1,60,815,3400949626298,60
53,2,20,814,3400939507361,1136
53,2,20,815,3400921868654,1001
53,2,20,815,3400938679007,159
53,2,60,814,3400922161587,1694
53,2,60,814,3400926775575,13
53,2,60,814,3400949625529,85
53,2,60,815,3400938015164,1059
53,2,60,815,3400939279442,17
53,2,60,815,3400939510491,5829
53,2,60,815,3400949625987,179
75,1,20,814,3400939507361,2155
75,1,20,815,3400921868654,2446
75,1,20,815,3400938679007,233
75,1,20,815,3400939914169,74
75,1,60,814,3400922161587,3045
75,1,60,814,3400926775575,99
75,1,60,814,3400949625529,279
75,1,60,815,3400938015164,1502
75,1,60,815,3400939279442,173
75,1,60,815,3400939510491,6008
75,1,60,815,3400949625987,571
75,2,20,814,3400922162997,779
75,2,20,814,3400927384196,42
75,2,20,814,3400927384257,16
75,2,20,814,3400939507941,2984
75,2,20,814,3400939914749,82
75,2,20,815,3400938681185,177
75,2,20,815,3400949626298,65
75,2,60,814,3400926775636,79
75,2,60,815,3400921868654,8659
75,2,60,815,3400922161709,2356
75,2,60,815,3400927384318,183
75,2,60,815,3400939279961,104
76,1,20,814,3400921866643,3952
76,1,20,814,3400921867244,4360
76,1,20,814,3400938621914,819
76,1,20,814,3400939909608,59
76,1,20,815,3400938014914,227
76,1,20,815,3400939511092,821
76,1,60,814,3400922161419,1633
76,1,60,814,3400922162997,4123
76,1,60,814,3400938014792,1935
76,1,60,814,3400939278902,226
76,1,60,815,3400922164489,2456
76,1,60,815,3400939914459,72
76,2,20,814,3400922161587,420
76,2,20,814,3400938014853,500
76,2,20,814,3400949625529,34
76,2,20,815,3400938015164,204
76,2,20,815,3400939510491,552
76,2,20,815,3400949625987,46
76,2,60,814,3400922164199,4391
76,2,60,814,3400939278551,201
76,2,60,815,3400922161648,1385
76,2,60,815,3400922165141,2550
84,1,20,814,3400922161419,667
84,1,20,814,3400938014792,453
84,1,20,814,3400939278902,103
84,1,20,815,3400922164489,998
84,1,20,815,3400939914459,76
84,1,60,814,3400939507361,9336
84,1,60,815,3400921868654,11871
84,1,60,815,3400926775865,61
84,1,60,815,3400938679007,2079
84,1,60,815,3400939914169,1094
84,2,20,814,3400922164199,1363
84,2,20,814,3400939278551,49
84,2,20,815,3400922161648,253
84,2,20,815,3400922165141,524
84,2,20,815,3400938014914,321
84,2,60,814,3400922162997,9127
84,2,60,814,3400927384196,146
84,2,60,814,3400927384257,75
84,2,60,814,3400939507941,6271
84,2,60,814,3400939914749,494
84,2,60,815,3400927384486,26
84,2,60,815,3400938681185,1146
84,2,60,815,3400949626298,318
93,1,20,814,3400921866643,5207
93,1,20,814,3400921867244,3307
93,1,20,814,3400938621914,894
93,1,20,814,3400939909608,133
93,1,20,815,3400938014914,542
93,1,20,815,3400939511092,711
93,1,60,814,3400922161419,2636
93,1,60,814,3400938014792,4691
93,1,60,814,3400939278902,117
93,1,60,815,3400922164489,3423
93,1,60,815,3400939914459,114
93,1,99,815,3400921867992,33
93,2,20,814,3400922161587,275
93,2,20,814,3400938014853,438
93,2,20,814,3400949625529,20
93,2,20,815,3400938015164,216
93,2,20,815,3400939510491,1067
93,2,20,815,3400949625987,36
93,2,60,814,3400922164199,2690
93,2,60,814,3400939278551,145
93,2,60,815,3400922161648,1824
99,1,60,814,3400938632040,22
99,1,60,815,3400921867992,76
99,2,0,814,3400939507941,17
99,2,20,815,3400926775865,34
99,2,20,815,3400927384486,41
99,2,60,815,3400938015164,20
99,2,60,815,3400939279442,29
99,2,60,815,3400939510491,32
99,9,0,814,3400922161587,20
99,9,99,814,3400938014853,15
99,9,99,815,3400922161648,64
99,9,99,815,3400922165141,15
93,2,60,815,3400922165141,1229
93,2,60,815,3400938014914,5422
99,1,0,814,3400921867244,26
99,1,0,814,3400939507941,26
99,1,20,814,3400939507941,12
99,1,20,815,3400927384486,40
99,1,60,815,3400921868654,105
99,1,60,815,3400922167152,14
99,1,99,814,3400921866643,42
99,1,99,814,3400921867244,23
99,2,60,814,3400921867244,91
99,2,60,814,3400927384196,31
99,2,60,814,3400927384257,12
99,9,99,814,3400922162997,57
99,9,99,814,3400938014792,30
52,1,20,814,3400922161419,127
52,1,20,814,3400939278902,88
52,1,20,815,3400938679007,135
52,1,60,814,3400926775636,21
52,1,60,814,3400938014853,940
52,1,60,815,3400921868654,5233
52,1,60,815,3400922161709,407
52,1,60,815,3400926775926,26
52,1,60,815,3400939279961,40
52,2,20,814,3400922164199,879
52,2,20,814,3400949625178,108
52,2,20,815,3400922165141,267
52,2,20,815,3400949626298,59
52,2,60,814,3400921866643,7258
52,2,60,814,3400921867244,10306
52,2,60,814,3400938621914,1463
52,2,60,815,3400927384318,20
53,1,20,814,3400921866643,2647
53,1,20,814,3400922161587,429
53,1,20,814,3400938014853,197
53,1,20,814,3400938621914,470
53,1,20,815,3400922161648,230
53,1,20,815,3400938014914,67
53,1,60,814,3400922161419,2023
53,1,60,814,3400927384257,134
53,1,60,814,3400939278551,120
53,1,60,814,3400939278902,69
53,2,20,815,3400939510491,576
53,2,60,814,3400922164199,2810
53,2,60,814,3400938014853,1946
53,2,60,814,3400949625178,307
53,2,60,815,3400922165141,1618
53,2,60,815,3400926775926,17
75,1,20,815,3400939510491,1163
75,1,60,814,3400922164199,3672
75,1,60,814,3400938014853,2052
75,1,60,814,3400949625178,476
75,1,60,815,3400922165141,2632
75,1,60,815,3400926775926,28
75,2,20,814,3400922161419,762
75,2,20,814,3400939278902,132
75,2,20,815,3400939511092,1287
75,2,60,814,3400922162997,5843
75,2,60,814,3400938014792,5314
75,2,60,814,3400939507361,13703
75,2,60,815,3400922164489,3695
75,2,60,815,3400926775865,120
75,2,60,815,3400939914459,181
76,1,20,814,3400922162997,814
76,1,20,814,3400922164199,1229
76,1,20,814,3400939507941,1714
76,1,20,815,3400922161648,238
76,1,20,815,3400922165141,528
76,1,20,815,3400938681185,657
76,1,20,815,3400949626298,52
76,1,60,814,3400921867244,13599
76,1,60,814,3400939914749,160
76,2,20,814,3400938632040,1003
76,2,20,814,3400939507361,1263
76,2,20,815,3400921867992,1427
76,2,60,814,3400926775575,233
76,2,60,814,3400949625178,469
76,2,60,815,3400939279442,43
76,2,60,815,3400939511092,2829
84,1,20,814,3400927384257,29
84,1,20,814,3400939914749,202
84,1,60,814,3400926775636,81
84,1,60,814,3400938014853,2054
84,1,60,815,3400922161709,1245
84,1,60,815,3400926775926,75
84,1,60,815,3400939279961,86
84,2,20,814,3400949625178,98
84,2,20,815,3400939279442,16
84,2,20,815,3400939511092,648
84,2,20,815,3400949626298,49
84,2,60,814,3400921866643,43432
84,2,60,814,3400921867244,23605
84,2,60,814,3400938014792,5657
84,2,60,814,3400938621914,3957
84,2,60,814,3400939909608,1836
84,2,60,815,3400922164489,5864
84,2,60,815,3400938014914,3614
84,2,60,815,3400939914459,236
93,1,20,814,3400922161419,629
93,1,20,814,3400927384257,20
93,1,20,814,3400939278902,20
93,1,20,814,3400939914749,96
93,1,60,814,3400922162997,4839
93,1,60,814,3400926775636,19
93,1,60,814,3400927384196,280
93,1,60,814,3400939507941,4328
93,1,60,815,3400921868654,5344
93,1,60,815,3400922161709,739
93,1,60,815,3400927384486,23
93,1,60,815,3400938681185,958
93,1,60,815,3400939279961,21
93,1,60,815,3400949626298,104
93,2,20,814,3400922164199,589
93,2,20,814,3400949625178,50
93,2,60,814,3400921866643,28893
93,2,60,814,3400921867244,10781
93,2,60,814,3400922161587,1232
93,2,60,814,3400938621914,5344
93,2,60,814,3400938632040,1541
93,2,60,814,3400939909608,661
93,2,60,815,3400921867992,16284
99,1,20,814,3400927384196,28
99,1,20,815,3400939279961,23
99,1,60,814,3400939507361,29
99,1,60,815,3400926775865,19
99,1,60,815,3400927384318,23
99,1,99,815,3400921867992,59
99,2,20,814,3400921866643,31
99,2,60,814,3400922161419,29
99,2,60,815,3400939511092,26
99,9,99,815,3400922161709,17
99,9,99,815,3400938681185,21
93,2,20,815,3400939914169,44
93,2,60,814,3400922162997,6186
93,2,60,814,3400927384257,67
93,2,60,814,3400939507941,5046
93,2,60,814,3400939914749,278
93,2,60,815,3400926775926,31
93,2,60,815,3400927384486,46
93,2,60,815,3400938015164,1715
93,2,60,815,3400938681185,858
99,1,0,815,3400921867992,35
99,1,20,814,3400926775636,27
99,1,20,815,3400926775865,61
99,1,20,815,3400939511092,29
99,1,20,815,3400939914169,16
99,1,60,814,3400922162997,54
99,1,60,814,3400927384257,13
99,1,60,814,3400939507941,91
99,1,60,815,3400922164489,21
99,1,60,815,3400927384486,13
99,1,60,815,3400938015164,22
99,1,60,815,3400939279442,32
99,2,0,814,3400921866643,20
99,2,0,814,3400921867244,19
99,2,0,814,3400939507361,36
99,2,20,814,3400921867244,53
99,2,20,814,3400927384196,17
99,2,20,815,3400949626298,31
99,2,60,814,3400922165660,22
99,2,60,815,3400921867992,61
99,2,60,815,3400927384318,24
99,2,99,815,3400921868654,34
99,9,99,815,3400939511092,17
44,1,60,815,3400938681185,1067
44,2,20,814,3400938014853,591
44,2,20,814,3400949625178,378
44,2,20,815,3400939279961,37
44,2,20,815,3400949626298,205
44,2,60,814,3400938632040,1483
44,2,60,814,3400939909608,151
44,2,60,815,3400921867992,6337
44,2,60,815,3400926775865,401
52,1,20,814,3400922162997,318
52,1,20,814,3400939507941,2966
52,1,20,815,3400921868654,1370
52,1,20,815,3400922164489,176
52,1,20,815,3400922165141,492
52,1,20,815,3400938014914,59
52,1,20,815,3400938681185,334
52,1,60,814,3400922161419,490
52,1,60,814,3400939278551,183
52,1,60,814,3400939278902,218
52,1,60,814,3400949625529,212
52,1,60,815,3400939510491,3180
52,1,60,815,3400949625987,379
52,2,20,814,3400927384257,15
52,2,20,814,3400938632040,457
52,2,20,815,3400921867992,493
52,2,60,814,3400922164199,3494
52,2,60,815,3400922161709,465
52,2,60,815,3400926775926,22
52,2,60,815,3400939511092,5931
53,1,20,814,3400922161419,436
53,1,20,814,3400939278551,41
53,1,20,814,3400939278902,21
53,1,20,814,3400949625529,24
53,1,20,815,3400938679007,256
53,1,20,815,3400939510491,774
53,1,60,814,3400922161587,1297
53,1,60,814,3400926775636,13
53,1,60,814,3400927384196,239
53,1,60,814,3400938014792,905
53,1,60,814,3400938014853,884
53,1,60,815,3400922161648,1583
53,2,20,814,3400922164199,763
53,2,20,814,3400939507941,1238
53,2,20,815,3400922161709,172
53,2,20,815,3400922165141,290
53,2,60,814,3400921867244,11731
53,2,60,814,3400939507361,9358
75,1,20,814,3400926775636,18
75,1,20,814,3400927384196,24
75,1,20,814,3400938014853,397
75,1,20,814,3400949625178,94
75,1,20,815,3400922161648,468
75,1,20,815,3400939279961,32
75,1,20,815,3400949626298,84
75,1,60,814,3400927384257,73
75,1,60,814,3400938632040,1644
75,1,60,814,3400939909608,558
75,1,60,815,3400921867992,11399
75,1,60,815,3400927384318,104
75,2,20,814,3400921866643,3406
75,2,20,814,3400921867244,4355
75,2,20,814,3400938621914,415
75,2,20,814,3400939507361,1985
75,2,20,815,3400922164489,451
75,2,20,815,3400938014914,224
75,2,20,815,3400939914459,46
75,2,60,814,3400922161419,5667
75,2,60,814,3400922165660,50
75,2,60,814,3400926775575,199
75,2,60,814,3400939278551,333
75,2,60,814,3400939278902,539
75,2,60,814,3400949625529,374
75,2,60,815,3400938679007,1786
75,2,60,815,3400949625987,713
76,1,20,814,3400939914749,50
76,1,20,815,3400938015164,272
76,1,60,814,3400922164199,3780
76,1,60,814,3400939507941,4926
76,1,60,815,3400922161709,1241
76,1,60,815,3400922165141,2586
76,1,60,815,3400926775926,66
76,1,60,815,3400927384486,16
76,1,60,815,3400938681185,2431
76,2,20,814,3400949625178,69
76,2,20,815,3400949626298,37
76,2,60,814,3400922161587,2165
76,2,60,814,3400938014792,5059
76,2,60,814,3400938632040,3864
76,2,60,814,3400939909608,447
76,2,60,815,3400921867992,13706
76,2,60,815,3400926775865,50
76,2,99,814,3400921867244,25
76,2,99,814,3400939507361,32
84,1,20,814,3400922162997,1620
84,1,20,814,3400922164199,1560
84,1,20,814,3400939507941,2110
84,1,20,815,3400921868654,3845
84,1,20,815,3400922161709,342
84,1,20,815,3400922165141,919
84,1,20,815,3400927384486,16
84,1,20,815,3400938681185,431
84,1,60,814,3400921867244,19856
84,1,60,815,3400939510491,6170
84,2,20,814,3400922161587,564
84,2,20,814,3400938632040,584
84,2,20,814,3400939909608,279
84,2,20,815,3400921867992,3064
84,2,60,815,3400939279442,75
84,2,60,815,3400939511092,3230
84,2,60,815,3400939914169,1030
93,1,20,814,3400926775636,13
93,1,20,814,3400927384196,61
93,1,20,814,3400938014792,968
93,1,20,814,3400938014853,531
93,1,20,815,3400922161648,310
93,1,20,815,3400949626298,22
93,1,60,814,3400927384257,57
93,1,60,814,3400938632040,1441
93,1,60,814,3400939914749,207
93,1,60,814,3400949625529,102
93,1,60,815,3400938015164,1242
93,1,60,815,3400939279442,17
93,1,60,815,3400949625987,215
93,2,20,814,3400922161419,590
93,2,20,814,3400922162997,1031
93,2,20,814,3400927384196,53
93,2,20,814,3400938014792,1015
93,2,20,814,3400939278902,30
93,2,20,814,3400939507941,1156
93,2,20,814,3400939914749,76
93,2,20,815,3400922164489,454
93,2,20,815,3400938681185,210
93,2,20,815,3400939914459,25
93,2,60,814,3400926775636,31
93,2,60,815,3400921868654,4729
93,2,60,815,3400922161709,611
93,2,99,814,3400921866643,49
99,1,0,814,3400939507361,20
99,1,20,814,3400926775575,39
99,1,20,815,3400939279442,39
99,1,60,815,3400922161648,28
99,1,60,815,3400922165141,35
99,1,99,814,3400939507361,73
99,2,0,814,3400922161419,12
99,2,20,815,3400927384318,35
99,2,20,815,3400939279961,37
99,2,60,814,3400922166261,22
99,2,60,814,3400938014853,53
99,2,60,814,3400939507361,27
99,2,99,814,3400922161419,34
99,2,99,814,3400939507941,22
99,9,0,814,3400938632040,17
99,9,99,814,3400922161587,17
44,2,20,814,3400939278551,150
44,2,20,815,3400922161648,194
44,2,20,815,3400926775865,33
44,2,20,815,3400938679007,111
44,2,60,814,3400922161587,2425
44,2,60,814,3400938014792,2870
44,2,60,814,3400938014853,3315
44,2,60,814,3400939914749,89
44,2,60,815,3400938015164,2037
44,2,60,815,3400939279442,160
52,1,20,814,3400921866643,1312
52,1,20,814,3400921867244,2900
52,1,20,814,3400938621914,236
52,1,20,814,3400939507361,1237
52,1,20,815,3400939511092,1551
52,1,60,814,3400949625178,342
52,1,60,815,3400922164489,801
52,2,20,814,3400922161587,201
52,2,20,814,3400938014792,87
52,2,20,814,3400938014853,250
52,2,20,815,3400938015164,95
52,2,60,815,3400921868654,4978
52,2,60,815,3400922165141,1937
52,2,60,815,3400938014914,941
53,1,20,814,3400921867244,3472
53,1,20,814,3400927384196,92
53,1,20,814,3400939507361,1430
53,1,60,814,3400938632040,1318
53,1,60,814,3400949625178,136
53,1,60,815,3400921867992,8865
53,1,60,815,3400927384318,187
53,2,20,814,3400922162997,642
53,2,20,815,3400922164489,290
53,2,20,815,3400938015164,109
53,2,20,815,3400938681185,192
53,2,60,814,3400921866643,17485
53,2,60,814,3400938621914,3327
53,2,60,814,3400939278551,201
53,2,60,815,3400921868654,5794
53,2,60,815,3400938014914,1714
53,2,60,815,3400938679007,1947
75,1,20,814,3400922161419,797
75,1,20,814,3400922161587,981
75,1,20,814,3400938014792,294
75,1,20,814,3400939278902,135
75,1,20,814,3400949625529,94
75,1,20,815,3400949625987,133
75,1,60,814,3400926775636,108
75,1,60,815,3400922161648,2775
75,1,60,815,3400926775865,86
75,1,60,815,3400939511092,6261
75,1,60,815,3400939914169,454
75,2,20,814,3400922164199,959
75,2,20,814,3400939278551,69
75,2,20,815,3400921868654,1600
75,2,20,815,3400922161709,439
75,2,20,815,3400922165141,386
75,2,60,814,3400921867244,17489
75,2,60,814,3400927384196,366
75,2,60,814,3400938014853,4004
75,2,60,815,3400939510491,7964
75,2,60,815,3400949626298,314
76,1,20,814,3400922161587,508
76,1,20,814,3400938014792,400
76,1,20,814,3400938632040,1265
76,1,20,815,3400921867992,2202
76,1,60,814,3400921866643,18412
76,1,60,814,3400938621914,3508
76,1,60,814,3400939507361,6802
76,1,60,815,3400921868654,7695
76,1,60,815,3400938014914,1324
76,1,60,815,3400939511092,3035
76,1,60,815,3400939914169,308
76,2,20,814,3400926775636,23
76,2,20,814,3400939278551,14
76,2,20,815,3400922161648,100
76,2,20,815,3400938679007,288
76,2,60,814,3400927384196,41
76,2,60,814,3400938014853,3565
76,2,60,814,3400939914749,160
76,2,60,815,3400938015164,1718
76,2,60,815,3400949626298,242
84,1,20,814,3400921866643,8561
84,1,20,814,3400921867244,7966
84,1,20,814,3400938621914,685
84,1,20,814,3400939507361,2398
84,1,20,815,3400938014914,365
84,1,20,815,3400939511092,1123
84,1,20,815,3400939914169,174
84,1,60,814,3400922161419,3047
84,1,60,814,3400922162997,6987
84,1,60,814,3400926775575,69
84,1,60,814,3400939278902,219
84,1,60,814,3400949625529,256
84,1,60,815,3400922164489,5153
84,1,60,815,3400927384486,23
84,1,60,815,3400938681185,1322
84,1,60,815,3400939914459,234
84,1,60,815,3400949625987,737
84,2,20,814,3400927384196,45
84,2,20,814,3400927384257,35
84,2,20,814,3400938014792,711
84,2,20,814,3400938014853,648
84,2,20,814,3400939914749,153
84,2,20,815,3400938015164,298
84,2,60,814,3400922164199,5026
84,2,60,814,3400938632040,1988
84,2,60,815,3400921867992,26170
84,2,60,815,3400921868654,11064
84,2,60,815,3400922161709,1204
84,2,60,815,3400922165141,2914
84,2,60,815,3400927384318,48
93,1,20,814,3400922161587,317
93,1,20,814,3400926775575,25
93,1,20,814,3400938632040,521
93,1,20,814,3400949625178,36
93,1,20,815,3400921867992,3181
93,1,60,814,3400939909608,645
93,1,60,815,3400926775865,89
93,1,60,815,3400921867992,15591
93,1,60,815,3400927384318,168
93,2,20,814,3400921866643,5188
93,2,20,814,3400921867244,2840
93,2,20,814,3400938621914,772
93,2,20,814,3400939507361,2052
93,2,60,814,3400926775575,243
93,2,60,814,3400949625178,407
93,2,60,815,3400938679007,2866
93,2,60,815,3400939279961,27
99,1,0,814,3400921866643,54
99,1,0,815,3400921868654,23
99,1,20,814,3400921867244,28
99,1,20,814,3400939507361,19
99,1,60,814,3400922165660,26
99,1,60,815,3400939279961,15
99,1,99,814,3400939507941,16
99,1,99,815,3400921868654,22
99,2,20,815,3400939279442,64
99,2,20,815,3400939914169,56
99,2,60,814,3400921866643,87
99,2,60,814,3400922162997,27
99,2,60,814,3400939507941,60
99,2,60,815,3400921868654,32
99,2,60,815,3400927384486,15
99,2,60,815,3400938014914,40
99,9,99,815,3400939510491,31
52,1,60,814,3400927384257,52
52,1,60,815,3400927384318,31
52,1,60,815,3400938015164,628
52,2,20,814,3400921867244,2842
52,2,20,814,3400939507361,1030
52,2,60,814,3400949625178,558
52,2,60,815,3400939279961,43
52,2,60,815,3400949626298,228
53,1,20,815,3400938015164,105
53,1,20,815,3400939511092,686
53,1,60,814,3400922162997,3418
53,1,60,814,3400939507941,3799
53,1,60,815,3400921868654,5775
53,1,60,815,3400922164489,2385
53,1,60,815,3400922165141,1684
53,1,60,815,3400927384486,67
53,1,60,815,3400938014914,845
53,1,60,815,3400938681185,1168
53,2,20,814,3400927384196,82
53,2,20,814,3400938014853,231
53,2,20,814,3400949625178,45
53,2,20,815,3400922161648,175
53,2,60,814,3400927384257,112
53,2,60,814,3400938632040,1765
53,2,60,815,3400921867992,11420
53,2,60,815,3400927384318,294
75,1,20,814,3400922164199,1254
75,1,20,814,3400939507941,3167
75,1,20,815,3400922161709,685
75,1,20,815,3400922165141,710
75,1,20,815,3400926775926,21
75,1,60,814,3400921867244,14151
75,1,60,814,3400939507361,8517
75,2,20,814,3400922161587,936
75,2,20,814,3400938014792,527
75,2,20,814,3400938632040,377
75,2,20,814,3400939909608,94
75,2,20,815,3400921867992,1528
75,2,60,815,3400938015164,2214
75,2,60,815,3400939279442,168
75,2,60,815,3400939511092,6376
75,2,60,815,3400939914169,441
76,1,20,814,3400939278551,31
76,1,20,814,3400949625529,68
76,1,20,815,3400939510491,697
76,1,20,815,3400949625987,42
76,1,60,814,3400926775636,140
76,1,60,814,3400938014853,1875
76,1,60,814,3400949625178,269
76,1,60,815,3400922161648,1298
76,1,60,815,3400939279961,46
76,1,60,815,3400949626298,208
76,2,20,814,3400922164199,1022
76,2,20,815,3400922161709,180
76,2,20,815,3400939511092,525
76,2,60,814,3400921866643,23720
76,2,60,814,3400921867244,15335
76,2,60,814,3400938621914,4780
76,2,60,814,3400939507361,9154
76,2,60,815,3400922164489,3161
76,2,60,815,3400938014914,2463
76,2,60,815,3400939914459,89
76,2,99,815,3400921867992,59
84,1,20,814,3400926775636,26
84,1,20,814,3400927384196,31
84,1,20,814,3400938014853,636
84,1,20,815,3400922161648,445
84,1,20,815,3400939279961,24
84,1,20,815,3400949626298,57
84,1,60,814,3400927384257,63
84,1,60,814,3400938632040,1669
84,1,60,814,3400939909608,923
84,1,60,814,3400939914749,450
84,1,60,815,3400921867992,23341
84,2,20,814,3400921866643,6908
84,2,20,814,3400921867244,6487
84,2,20,814,3400938621914,759
84,2,20,814,3400939507361,2072
84,2,20,815,3400922164489,715
84,2,20,815,3400939914459,54
84,2,60,814,3400922161419,3886
84,2,60,814,3400926775575,110
84,2,60,814,3400939278902,245
84,2,60,814,3400949625178,829
84,2,60,815,3400938679007,2254
84,2,60,815,3400949625987,753
93,1,20,814,3400922162997,1164
93,1,20,814,3400922164199,726
93,1,20,814,3400939507941,1513
93,1,20,815,3400921868654,1592
93,1,20,815,3400922161709,178
93,1,20,815,3400922165141,339
93,1,20,815,3400927384486,18
93,1,20,815,3400938681185,260
93,1,60,815,3400939510491,8473
93,2,20,814,3400938632040,404
93,2,20,814,3400939909608,145
93,2,20,815,3400921867992,2265
93,2,20,815,3400926775865,17
93,2,20,815,3400927384318,30
93,2,60,815,3400939279442,26
93,2,60,815,3400939511092,2357
93,2,60,815,3400939914169,306
99,1,20,814,3400927384257,43
99,1,20,814,3400939909608,31
99,1,20,815,3400927384318,31
99,1,60,814,3400922164199,89
99,1,60,814,3400922166261,13
99,1,60,815,3400922161709,19
99,1,60,815,3400939511092,63
99,2,20,814,3400926775575,69
99,2,20,814,3400939278551,29
99,2,60,814,3400922161587,25
99,2,60,814,3400926775636,13
99,2,60,814,3400938014792,40
99,2,60,815,3400922167961,13
99,2,99,814,3400921866643,27
99,2,99,814,3400921867244,22
99,9,0,815,3400939511092,17
99,9,20,814,3400922166261,14
99,9,20,815,3400922167152,20
93,1,60,815,3400939511092,2507
93,1,60,815,3400939914169,269
93,1,99,814,3400921866643,43
93,1,99,814,3400921867244,18
93,2,20,814,3400939278551,20
93,2,20,815,3400921868654,875
93,2,20,815,3400922165141,207
93,2,20,815,3400938014914,334
93,2,20,815,3400938679007,354
93,2,60,814,3400922161419,3851
93,2,60,814,3400927384196,338
93,2,60,814,3400938014792,9589
93,2,60,814,3400938014853,3476
93,2,60,814,3400939278902,136
93,2,60,814,3400949625529,160
93,2,60,815,3400939510491,8776
93,2,60,815,3400949625987,309
93,2,60,815,3400949626298,79
99,1,0,814,3400922164199,20
99,1,20,814,3400921866643,16
99,1,20,814,3400939278551,45
99,1,20,815,3400921868654,27
99,1,60,814,3400922161419,21
99,1,60,814,3400922161587,28
99,1,60,814,3400926775575,28
99,1,60,814,3400927384196,57
99,1,60,814,3400938014853,31
99,1,60,815,3400939510491,39
99,2,20,814,3400927384257,39
99,2,20,815,3400926775926,54
99,2,60,814,3400922164199,30
99,2,60,815,3400922165141,16
99,2,60,815,3400922167152,20
99,9,99,814,3400938621914,52
99,9,99,815,3400938679007,22
